INSERT INTO prdt (prdt_id, prdt_nm, spec, unit, prdt_st, rm) VALUES
('prd001', '제품1', '10g', 'EA', '사용', '비고1'),
('prd002', '제품2', '20g', 'EA', '사용', '비고2'),
('prd003', '제품3', '30g', 'EA', '사용', '비고3'),
('prd004', '제품4', '40g', 'EA', '사용', '비고4'),
('prd005', '제품5', '50g', 'EA', '사용', '비고5');

INSERT INTO PROD_DRCT (PROD_DRCT_ID, PROD_DRCT_NM, EMP_ID, PROD_DRCT_FR_DT, PROD_DRCT_TO_DT, REG_DT, RM) VALUES
('PRO001', 'PROD_DRCT_PROD_DRCT_NM_1', 'PRO001', '2025-09-01', '2025-09-01', '2025-09-01', '비고1'),
('PRO002', 'PROD_DRCT_PROD_DRCT_NM_2', 'PRO002', '2025-09-02', '2025-09-02', '2025-09-02', '비고2'),
('PRO003', 'PROD_DRCT_PROD_DRCT_NM_3', 'PRO003', '2025-09-03', '2025-09-03', '2025-09-03', '비고3'),
('PRO004', 'PROD_DRCT_PROD_DRCT_NM_4', 'PRO004', '2025-09-04', '2025-09-04', '2025-09-04', '비고4'),
('PRO005', 'PROD_DRCT_PROD_DRCT_NM_5', 'PRO005', '2025-09-05', '2025-09-05', '2025-09-05', '비고5');

INSERT INTO PROD_PLAN (PROD_PLAN_ID, RCVODR_ID, EMP_ID, PROD_PLAN_NM, PROD_EXPC_FR_DT, PROD_EXPC_TO_DT, REG_DT, RM) VALUES
('PRO001', 'PRO001', 'PRO001', 'PROD_PLAN_PROD_PLAN_NM_1', '2025-09-01', '2025-09-01', '2025-09-01', '비고1'),
('PRO002', 'PRO002', 'PRO002', 'PROD_PLAN_PROD_PLAN_NM_2', '2025-09-02', '2025-09-02', '2025-09-02', '비고2'),
('PRO003', 'PRO003', 'PRO003', 'PROD_PLAN_PROD_PLAN_NM_3', '2025-09-03', '2025-09-03', '2025-09-03', '비고3'),
('PRO004', 'PRO004', 'PRO004', 'PROD_PLAN_PROD_PLAN_NM_4', '2025-09-04', '2025-09-04', '2025-09-04', '비고4'),
('PRO005', 'PRO005', 'PRO005', 'PROD_PLAN_PROD_PLAN_NM_5', '2025-09-05', '2025-09-05', '2025-09-05', '비고5');

INSERT INTO deli (deli_id, emp_id, deli_dt, rm) VALUES
('PRD001', 'PRD001', '2025-09-01', '비고1'),
('PRD002', 'PRD002', '2025-09-02', '비고2'),
('PRD003', 'PRD003', '2025-09-03', '비고3'),
('PRD004', 'PRD004', '2025-09-04', '비고4'),
('PRD005', 'PRD005', '2025-09-05', '비고5');

INSERT INTO deli_deta (deli_deta_id, deli_id, rcvord_id, deli_qy, rm) VALUES
('DEL001', 'DEL001', 'DEL001', 100, '비고1'),
('DEL002', 'DEL002', 'DEL002', 200, '비고2'),
('DEL003', 'DEL003', 'DEL003', 300, '비고3'),
('DEL004', 'DEL004', 'DEL004', 400, '비고4'),
('DEL005', 'DEL005', 'DEL005', 500, '비고5');

INSERT INTO WRHOUS (WRHOUS_ID, WRHOUS_NM, ST, RM) VALUES
('WRH001', 'WRHOUS_WRHOUS_NM_1', '사용', '비고1'),
('WRH002', 'WRHOUS_WRHOUS_NM_2', '사용', '비고2'),
('WRH003', 'WRHOUS_WRHOUS_NM_3', '사용', '비고3'),
('WRH004', 'WRHOUS_WRHOUS_NM_4', '사용', '비고4'),
('WRH005', 'WRHOUS_WRHOUS_NM_5', '사용', '비고5');

INSERT INTO MENU_PERM (MENU_PERM_ID, MENU_ID, DEPT_ID, WKGD_ID, ACCES_YN, RM) VALUES
('MEN001', 'MEN001', 'MEN001', 'MEN001', 'MENU_PERM_ACCES_YN_1', '비고1'),
('MEN002', 'MEN002', 'MEN002', 'MEN002', 'MENU_PERM_ACCES_YN_2', '비고2'),
('MEN003', 'MEN003', 'MEN003', 'MEN003', 'MENU_PERM_ACCES_YN_3', '비고3'),
('MEN004', 'MEN004', 'MEN004', 'MEN004', 'MENU_PERM_ACCES_YN_4', '비고4'),
('MEN005', 'MEN005', 'MEN005', 'MEN005', 'MENU_PERM_ACCES_YN_5', '비고5');

INSERT INTO acct (acct_id, emp_id, id, pw, rm) VALUES
('acc001', 'emp001', 'id001', 'pw001', '비고1'),
('acc002', 'emp002', 'id002', 'pw002', '비고2'),
('acc003', 'emp003', 'id003', 'pw003', '비고3'),
('acc004', 'emp004', 'id004', 'pw004', '비고4'),
('acc005', 'emp005', 'id005', 'pw005', '비고5');

INSERT INTO PROD_DRCT_DETA (PROD_DRCT_DETA_ID, PROD_DRCT_ID, PROD_PLAN_DETA_ID, PRDT_ID, PRDT_OPT_ID, DRCT_QY, PRIORT, RM) VALUES
('PRO001', 'PRO001', 'PRO001', 'PRO001', 'PRO001', 100, 100, '비고1'),
('PRO002', 'PRO002', 'PRO002', 'PRO002', 'PRO002', 200, 200, '비고2'),
('PRO003', 'PRO003', 'PRO003', 'PRO003', 'PRO003', 300, 300, '비고3'),
('PRO004', 'PRO004', 'PRO004', 'PRO004', 'PRO004', 400, 400, '비고4'),
('PRO005', 'PRO005', 'PRO005', 'PRO005', 'PRO005', 500, 500, '비고5');

INSERT INTO LOT_STC_PRECON (LOT_INVNTRY_PRECON_ID, WRHOUS_WRHSDLVR_ID, IST_QY, OUST_QY, NOW_STC_QY, RM) VALUES
('LOT001', 'LOT001', 100, 100, 100, '비고1'),
('LOT002', 'LOT002', 200, 200, 200, '비고2'),
('LOT003', 'LOT003', 300, 300, 300, '비고3'),
('LOT004', 'LOT004', 400, 400, 400, '비고4'),
('LOT005', 'LOT005', 500, 500, 500, '비고5');

INSERT INTO eqm_grp (eqm_grp_id, eqm_grp_nm, rm) VALUES
('eqmg001', 'EQM_GRP_EQM_GRP_NM_1', '비고1'),
('eqmg002', 'EQM_GRP_EQM_GRP_NM_2', '비고2'),
('eqmg003', 'EQM_GRP_EQM_GRP_NM_3', '비고3'),
('eqmg004', 'EQM_GRP_EQM_GRP_NM_4', '비고4'),
('eqmg005', 'EQM_GRP_EQM_GRP_NM_5', '비고5');

INSERT INTO RSC (RSC_ID, RSC_CLSF_ID, RSC_NM, SPEC, UNIT, RM) VALUES
('RSC001', 'RSC001', 'RSC_RSC_NM_1', '10g', 'EA', '비고1'),
('RSC002', 'RSC002', 'RSC_RSC_NM_2', '20g', 'EA', '비고2'),
('RSC003', 'RSC003', 'RSC_RSC_NM_3', '30g', 'EA', '비고3'),
('RSC004', 'RSC004', 'RSC_RSC_NM_4', '40g', 'EA', '비고4'),
('RSC005', 'RSC005', 'RSC_RSC_NM_5', '50g', 'EA', '비고5');

INSERT INTO MOLD (MOLD_ID, PRDT_ID, MOLD_NM, MOLD_TY, KPA, ACCMLT_SHOT, WARN_QY, DSUSE_QY, CHCK_CYCLE, CHCK_DT, ST, RM) VALUES
('MOL001', 'MOL001', 'MOLD_MOLD_NM_1', '사용', 100, 100, 100, 100, 'MOLD_CHCK_CYCLE_1', '2025-09-01', '사용', '비고1'),
('MOL002', 'MOL002', 'MOLD_MOLD_NM_2', '사용', 200, 200, 200, 200, 'MOLD_CHCK_CYCLE_2', '2025-09-02', '사용', '비고2'),
('MOL003', 'MOL003', 'MOLD_MOLD_NM_3', '사용', 300, 300, 300, 300, 'MOLD_CHCK_CYCLE_3', '2025-09-03', '사용', '비고3'),
('MOL004', 'MOL004', 'MOLD_MOLD_NM_4', '사용', 400, 400, 400, 400, 'MOLD_CHCK_CYCLE_4', '2025-09-04', '사용', '비고4'),
('MOL005', 'MOL005', 'MOLD_MOLD_NM_5', '사용', 500, 500, 500, 500, 'MOLD_CHCK_CYCLE_5', '2025-09-05', '사용', '비고5');

INSERT INTO rcvord_deta (rcvord_deta_id, rcvord_id, prdt_id, prdt_opt_id, rcvord_qy, paprd_dt, rm) VALUES
('rcv_deta_001', 'rcv001', 'prd001', 'RCV001', 100, '2025-09-01', '비고1'),
('rcv_deta_002', 'rcv002', 'prd002', 'RCV002', 200, '2025-09-02', '비고2'),
('rcv_deta_003', 'rcv003', 'prd003', 'RCV003', 300, '2025-09-03', '비고3'),
('rcv_deta_004', 'rcv004', 'prd004', 'RCV004', 400, '2025-09-04', '비고4'),
('rcv_deta_005', 'rcv005', 'prd005', 'RCV005', 500, '2025-09-05', '비고5');

INSERT INTO BOM_DETA (BOM_COMP_ID, BOM_ID, RSC_ID, SPEC_ID, UNIT_ID, REC_QY, RM) VALUES
('BOM001', 'BOM001', 'BOM001', 'BOM001', 'BOM001', 1.12345, '비고1'),
('BOM002', 'BOM002', 'BOM002', 'BOM002', 'BOM002', 2.12345, '비고2'),
('BOM003', 'BOM003', 'BOM003', 'BOM003', 'BOM003', 3.12345, '비고3'),
('BOM004', 'BOM004', 'BOM004', 'BOM004', 'BOM004', 4.12345, '비고4'),
('BOM005', 'BOM005', 'BOM005', 'BOM005', 'BOM005', 5.12345, '비고5');

INSERT INTO eqm (eqm_id, eqm_grp_id, eqm_nm, make_co, make_model, make_dt, chck_cycle, setp_dt, reg_dt, st, rm) VALUES
('EQM001', 'eqmg001', '설비_1', 'EQM_MAKE_CO_1', 'EQM_MAKE_MODEL_1', '2025-09-01', 'EQM_CHCK_CYCLE_1', '2025-09-01', '2025-09-01', '사용', '비고1'),
('EQM002', 'eqmg002', '설비_2', 'EQM_MAKE_CO_2', 'EQM_MAKE_MODEL_2', '2025-09-02', 'EQM_CHCK_CYCLE_2', '2025-09-02', '2025-09-02', '사용', '비고2'),
('EQM003', 'eqmg003', '설비_3', 'EQM_MAKE_CO_3', 'EQM_MAKE_MODEL_3', '2025-09-03', 'EQM_CHCK_CYCLE_3', '2025-09-03', '2025-09-03', '사용', '비고3'),
('EQM004', 'eqmg004', '설비_4', 'EQM_MAKE_CO_4', 'EQM_MAKE_MODEL_4', '2025-09-04', 'EQM_CHCK_CYCLE_4', '2025-09-04', '2025-09-04', '사용', '비고4'),
('EQM005', 'eqmg005', '설비_5', 'EQM_MAKE_CO_5', 'EQM_MAKE_MODEL_5', '2025-09-05', 'EQM_CHCK_CYCLE_5', '2025-09-05', '2025-09-05', '사용', '비고5');

INSERT INTO QLTY_ITEM (QLTY_ITEM_MNG_ID, INSP_ITEM_NM, TY, VER, ST, BASI_VAL, SPEC, UNIT, EROR_SCOPE_MIN, EROR_SCOPE_MAX, REG_DT, RM) VALUES
('QLT001', 'QLTY_ITEM_INSP_ITEM_NM_1', 'QLTY_ITEM_TY_1', 'QLTY_ITEM_VER_1', '사용', 'QLTY_ITEM_BASI_VAL_1', '10g', 'EA', 'QLTY_ITEM_EROR_SCOPE_MIN_1', 'QLTY_ITEM_EROR_SCOPE_MAX_1', '2025-09-01', '비고1'),
('QLT002', 'QLTY_ITEM_INSP_ITEM_NM_2', 'QLTY_ITEM_TY_2', 'QLTY_ITEM_VER_2', '사용', 'QLTY_ITEM_BASI_VAL_2', '20g', 'EA', 'QLTY_ITEM_EROR_SCOPE_MIN_2', 'QLTY_ITEM_EROR_SCOPE_MAX_2', '2025-09-02', '비고2'),
('QLT003', 'QLTY_ITEM_INSP_ITEM_NM_3', 'QLTY_ITEM_TY_3', 'QLTY_ITEM_VER_3', '사용', 'QLTY_ITEM_BASI_VAL_3', '30g', 'EA', 'QLTY_ITEM_EROR_SCOPE_MIN_3', 'QLTY_ITEM_EROR_SCOPE_MAX_3', '2025-09-03', '비고3'),
('QLT004', 'QLTY_ITEM_INSP_ITEM_NM_4', 'QLTY_ITEM_TY_4', 'QLTY_ITEM_VER_4', '사용', 'QLTY_ITEM_BASI_VAL_4', '40g', 'EA', 'QLTY_ITEM_EROR_SCOPE_MIN_4', 'QLTY_ITEM_EROR_SCOPE_MAX_4', '2025-09-04', '비고4'),
('QLT005', 'QLTY_ITEM_INSP_ITEM_NM_5', 'QLTY_ITEM_TY_5', 'QLTY_ITEM_VER_5', '사용', 'QLTY_ITEM_BASI_VAL_5', '50g', 'EA', 'QLTY_ITEM_EROR_SCOPE_MIN_5', 'QLTY_ITEM_EROR_SCOPE_MAX_5', '2025-09-05', '비고5');

INSERT INTO emp (emp_id, co_id, dept_id, perm_id, wkgd_id, emp_nm, emp_tel, emp_email, hire_dt, hoof_st, rm) VALUES
('emp001', 'co001', 'dept001', 'perm001', 'wkgd001', '사원1', '010-0001-0001', 'user1@example.com', '2025-09-01', '재직중', '비고1'),
('emp002', 'co002', 'dept002', 'perm002', 'wkgd002', '사원2', '010-0002-0002', 'user2@example.com', '2025-09-02', '재직중', '비고2'),
('emp003', 'co003', 'dept003', 'perm003', 'wkgd003', '사원3', '010-0003-0003', 'user3@example.com', '2025-09-03', '재직중', '비고3'),
('emp004', 'co004', 'dept004', 'perm004', 'wkgd004', '사원4', '010-0004-0004', 'user4@example.com', '2025-09-04', '재직중', '비고4'),
('emp005', 'co005', 'dept005', 'perm005', 'wkgd005', '사원5', '010-0005-0005', 'user5@example.com', '2025-09-05', '휴직', '비고5');

INSERT INTO rcvord (rcvord_id, co_id, emp_id, reg_dt, st, rm) VALUES
('rcv001', 'co001', 'emp001', '2025-09-01', '등록', '비고1'),
('rcv002', 'co002', 'emp002', '2025-09-02', '진행중', '비고2'),
('rcv003', 'co003', 'emp003', '2025-09-03', '진행중', '비고3'),
('rcv004', 'co004', 'emp004', '2025-09-04', '진행중', '비고4'),
('rcv005', 'co005', 'emp005', '2025-09-05', '완료', '비고5');

INSERT INTO RWMATR_RTUN_TRGET (RSC_RTUN_TRGET_ID, PROD_DRCT_ITEM_ID, PRDT_ID, PRDT_OPT_ID, PROD_EXPC_QY, PROD_EXPC_DT, RM) VALUES
('RWM001', 'RWM001', 'RWM001', 'RWM001', 100, '2025-09-01', '비고1'),
('RWM002', 'RWM002', 'RWM002', 'RWM002', 200, '2025-09-02', '비고2'),
('RWM003', 'RWM003', 'RWM003', 'RWM003', 300, '2025-09-03', '비고3'),
('RWM004', 'RWM004', 'RWM004', 'RWM004', 400, '2025-09-04', '비고4'),
('RWM005', 'RWM005', 'RWM005', 'RWM005', 500, '2025-09-05', '비고5');

INSERT INTO QLTY_ITEM_DETA (ITEM_QLTY_DETA_ID, QLTY_ITEM_MNG_ID, ITEM_TY, RSC_ID, PRDT_ID, PRDT_OPT_ID, RM) VALUES
('QLT001', 'QLT001', 'QLTY_ITEM_DETA_ITEM_TY_1', 'QLT001', 'QLT001', 'QLT001', '비고1'),
('QLT002', 'QLT002', 'QLTY_ITEM_DETA_ITEM_TY_2', 'QLT002', 'QLT002', 'QLT002', '비고2'),
('QLT003', 'QLT003', 'QLTY_ITEM_DETA_ITEM_TY_3', 'QLT003', 'QLT003', 'QLT003', '비고3'),
('QLT004', 'QLT004', 'QLTY_ITEM_DETA_ITEM_TY_4', 'QLT004', 'QLT004', 'QLT004', '비고4'),
('QLT005', 'QLT005', 'QLTY_ITEM_DETA_ITEM_TY_5', 'QLT005', 'QLT005', 'QLT005', '비고5');

INSERT INTO MENU (MENU_ID, MUNU_NM, MENU_ORD, RM) VALUES
('MEN001', 'MENU_MUNU_NM_1', 100, '비고1'),
('MEN002', 'MENU_MUNU_NM_2', 200, '비고2'),
('MEN003', 'MENU_MUNU_NM_3', 300, '비고3'),
('MEN004', 'MENU_MUNU_NM_4', 400, '비고4'),
('MEN005', 'MENU_MUNU_NM_5', 500, '비고5');

INSERT INTO WRHOUS_ZONE (ZONE_ID, WRHOUS_ID, ITEM_TY, ZONE_NM, ST, RM) VALUES
('WRH001', 'WRH001', 'WRHOUS_ZONE_ITEM_TY_1', 'WRHOUS_ZONE_ZONE_NM_1', '사용', '비고1'),
('WRH002', 'WRH002', 'WRHOUS_ZONE_ITEM_TY_2', 'WRHOUS_ZONE_ZONE_NM_2', '사용', '비고2'),
('WRH003', 'WRH003', 'WRHOUS_ZONE_ITEM_TY_3', 'WRHOUS_ZONE_ZONE_NM_3', '사용', '비고3'),
('WRH004', 'WRH004', 'WRHOUS_ZONE_ITEM_TY_4', 'WRHOUS_ZONE_ZONE_NM_4', '사용', '비고4'),
('WRH005', 'WRH005', 'WRHOUS_ZONE_ITEM_TY_5', 'WRHOUS_ZONE_ZONE_NM_5', '사용', '비고5');

INSERT INTO END_PRDT_QLTY_INSP (END_PRDT_QLTY_INSP_ID, PRCS_CTRL_ID, EMP_ID, INFER_QY, PASS_QY, INSP_QY, INSP_DT, RM) VALUES
('END001', 'END001', 'END001', 100, 100, 100, '2025-09-01', '비고1'),
('END002', 'END002', 'END002', 200, 200, 200, '2025-09-02', '비고2'),
('END003', 'END003', 'END003', 300, 300, 300, '2025-09-03', '비고3'),
('END004', 'END004', 'END004', 400, 400, 400, '2025-09-04', '비고4'),
('END005', 'END005', 'END005', 500, 500, 500, '2025-09-05', '비고5');

INSERT INTO BOM (BOM_ID, PRDT_ID, BOM_VER, VALID_FR_DT, VALID_TO_DT, ST, RM) VALUES
('BOM001', 'BOM001', 'BOM_BOM_VER_1', '2025-09-01', '2025-09-01', '사용', '비고1'),
('BOM002', 'BOM002', 'BOM_BOM_VER_2', '2025-09-02', '2025-09-02', '사용', '비고2'),
('BOM003', 'BOM003', 'BOM_BOM_VER_3', '2025-09-03', '2025-09-03', '사용', '비고3'),
('BOM004', 'BOM004', 'BOM_BOM_VER_4', '2025-09-04', '2025-09-04', '사용', '비고4'),
('BOM005', 'BOM005', 'BOM_BOM_VER_5', '2025-09-05', '2025-09-05', '사용', '비고5');

INSERT INTO RSC_QLTY_INSP (RSC_QLTY_INSP_ID, RSC_ORDR_DETA_ID, EMP_ID, RTNGUD_QY, PASS_QY, INSP_QY, INSP_DT, RM) VALUES
('RSC001', 'RSC001', 'RSC001', 1.12345, 1.12345, 1.12345, '2025-09-01', '비고1'),
('RSC002', 'RSC002', 'RSC002', 2.12345, 2.12345, 2.12345, '2025-09-02', '비고2'),
('RSC003', 'RSC003', 'RSC003', 3.12345, 3.12345, 3.12345, '2025-09-03', '비고3'),
('RSC004', 'RSC004', 'RSC004', 4.12345, 4.12345, 4.12345, '2025-09-04', '비고4'),
('RSC005', 'RSC005', 'RSC005', 5.12345, 5.12345, 5.12345, '2025-09-05', '비고5');

INSERT INTO PROD_PLAN_DETA (PROD_PLAN_DETA_ID, PROD_PLAN_ID, PRDT_ID, PRDT_OPT_ID, PLAN_QY, PRIORT, RM) VALUES
('PRO001', 'PRO001', 'PRO001', 'PRO001', 100, 100, '비고1'),
('PRO002', 'PRO002', 'PRO002', 'PRO002', 200, 200, '비고2'),
('PRO003', 'PRO003', 'PRO003', 'PRO003', 300, 300, '비고3'),
('PRO004', 'PRO004', 'PRO004', 'PRO004', 400, 400, '비고4'),
('PRO005', 'PRO005', 'PRO005', 'PRO005', 500, 500, '비고5');

INSERT INTO prdt_opt (prdt_opt_id, prdt_id, opt_nm, st, rm) VALUES
('opt001', 'prd001', '옵션1', '사용', '비고1'),
('opt002', 'prd002', '옵션2', '사용', '비고2'),
('opt003', 'prd003', '옵션3', '사용', '비고3'),
('opt004', 'prd004', '옵션4', '사용', '비고4'),
('opt005', 'prd005', '옵션5', '사용', '비고5');

INSERT INTO WRHOUS_WRHSDLVR (WRHOUS_WRHSDLVR_ID, RSC_RTUN_TRGET_ID, RSC_QLTY_INSP_ID, SEMI_PRDT_QLTY_INSP_ID, END_PRDT_QLTY_INSP_ID, deli_deta_id, RSC_ID, PRDT_ID, PRDT_OPT_ID, WRHOUS_ID, ZONE_ID, EMP_ID, LOT_NO, RCVPAY_TY, SPEC, UNIT, RCVPAY_QY, RCVPAY_DT, RM) VALUES
('WRH001', 'WRH001', 'WRH001', 'WRH001', 'WRH001', 'WRH001', 'WRH001', 'WRH001', 'WRH001', 'WRH001', 'WRH001', 'WRH001', 'WRH001', 'WRHOUS_WRHSDLVR_RCVPAY_TY_1', '10g', 'EA', 1.12345, '2025-09-01', '비고1'),
('WRH002', 'WRH002', 'WRH002', 'WRH002', 'WRH002', 'WRH002', 'WRH002', 'WRH002', 'WRH002', 'WRH002', 'WRH002', 'WRH002', 'WRH002', 'WRHOUS_WRHSDLVR_RCVPAY_TY_2', '20g', 'EA', 2.12345, '2025-09-02', '비고2'),
('WRH003', 'WRH003', 'WRH003', 'WRH003', 'WRH003', 'WRH003', 'WRH003', 'WRH003', 'WRH003', 'WRH003', 'WRH003', 'WRH003', 'WRH003', 'WRHOUS_WRHSDLVR_RCVPAY_TY_3', '30g', 'EA', 3.12345, '2025-09-03', '비고3'),
('WRH004', 'WRH004', 'WRH004', 'WRH004', 'WRH004', 'WRH004', 'WRH004', 'WRH004', 'WRH004', 'WRH004', 'WRH004', 'WRH004', 'WRH004', 'WRHOUS_WRHSDLVR_RCVPAY_TY_4', '40g', 'EA', 4.12345, '2025-09-04', '비고4'),
('WRH005', 'WRH005', 'WRH005', 'WRH005', 'WRH005', 'WRH005', 'WRH005', 'WRH005', 'WRH005', 'WRH005', 'WRH005', 'WRH005', 'WRH005', 'WRHOUS_WRHSDLVR_RCVPAY_TY_5', '50g', 'EA', 5.12345, '2025-09-05', '비고5');

INSERT INTO RSC_ORDR (RSC_ORDR_ID, CO_ID, EMP_ID, REG_DT, RM) VALUES
('RSC001', 'RSC001', 'RSC001', '2025-09-01', '비고1'),
('RSC002', 'RSC002', 'RSC002', '2025-09-02', '비고2'),
('RSC003', 'RSC003', 'RSC003', '2025-09-03', '비고3'),
('RSC004', 'RSC004', 'RSC004', '2025-09-04', '비고4'),
('RSC005', 'RSC005', 'RSC005', '2025-09-05', '비고5');

INSERT INTO routing (prcs_routing_id, prdt_id, opt_id) VALUES
('ROU001', 'prd001', 'ROU001'),
('ROU002', 'prd002', 'ROU002'),
('ROU003', 'prd003', 'ROU003'),
('ROU004', 'prd004', 'ROU004'),
('ROU005', 'prd005', 'ROU005');

INSERT INTO co (co_id, co_nm, co_ty_id, rpstr_nm, rpstr_tel, bizr_reg_no, st, rm) VALUES
('CO001', '업체1', 'CO001', '대표1', '02-0001-0001', '80001-01-40001', '사용', '비고1'),
('CO002', '업체2', 'CO002', '대표2', '02-0002-0002', '80002-02-40002', '사용', '비고2'),
('CO003', '업체3', 'CO003', '대표3', '02-0003-0003', '80003-03-40003', '사용', '비고3'),
('CO004', '업체4', 'CO004', '대표4', '02-0004-0004', '80004-04-40004', '사용', '비고4'),
('CO005', '업체5', 'CO005', '대표5', '02-0005-0005', '80005-05-40005', '사용', '비고5');

INSERT INTO PRCS_PROG_PRECON (PRCS_PROG_PRECON_ID, PROD_DRCT_DETA_ID, PRCS_ORD, PRCS_ID, PRCS_NM, DRCT_QY, INPT_QY, PROD_QY, INFER_QY, PASS_QY, ST, RM) VALUES
('PRC001', 'PRC001', 100, 'PRC001', 'PRCS_PROG_PRECON_PRCS_NM_1', 100, 100, 100, 100, 100, '사용', '비고1'),
('PRC002', 'PRC002', 200, 'PRC002', 'PRCS_PROG_PRECON_PRCS_NM_2', 200, 200, 200, 200, 200, '사용', '비고2'),
('PRC003', 'PRC003', 300, 'PRC003', 'PRCS_PROG_PRECON_PRCS_NM_3', 300, 300, 300, 300, 300, '사용', '비고3'),
('PRC004', 'PRC004', 400, 'PRC004', 'PRCS_PROG_PRECON_PRCS_NM_4', 400, 400, 400, 400, 400, '사용', '비고4'),
('PRC005', 'PRC005', 500, 'PRC005', 'PRCS_PROG_PRECON_PRCS_NM_5', 500, 500, 500, 500, 500, '사용', '비고5');

INSERT INTO PROC_CTRL (PRCS_CTRL_ID, PRCS_PROG_PRECON_ID, PRDT_ID, PRCS_ROUTING_ID, PRCS_ORD, PRCS_ID, MOLD_ID, EMP_ID, INPT_QY, PROD_QY, INFER_QY, PASS_QY, WK_FR_DT, WK_TO_DT, RM) VALUES
('PRO001', 'PRO001', 'PRO001', 'PRO001', 'PROC_CTRL_PRCS_ORD_1', 'PRO001', 'PRO001', 'PRO001', 100, 100, 100, 100, '2025-09-01', '2025-09-01', '비고1'),
('PRO002', 'PRO002', 'PRO002', 'PRO002', 'PROC_CTRL_PRCS_ORD_2', 'PRO002', 'PRO002', 'PRO002', 200, 200, 200, 200, '2025-09-02', '2025-09-02', '비고2'),
('PRO003', 'PRO003', 'PRO003', 'PRO003', 'PROC_CTRL_PRCS_ORD_3', 'PRO003', 'PRO003', 'PRO003', 300, 300, 300, 300, '2025-09-03', '2025-09-03', '비고3'),
('PRO004', 'PRO004', 'PRO004', 'PRO004', 'PROC_CTRL_PRCS_ORD_4', 'PRO004', 'PRO004', 'PRO004', 400, 400, 400, 400, '2025-09-04', '2025-09-04', '비고4'),
('PRO005', 'PRO005', 'PRO005', 'PRO005', 'PROC_CTRL_PRCS_ORD_5', 'PRO005', 'PRO005', 'PRO005', 500, 500, 500, 500, '2025-09-05', '2025-09-05', '비고5');

INSERT INTO routing_deta (prcs_routing_deta, prcs_routing_id, prcs_ord, prcs_id, lead_tm) VALUES
('roudt001', 'ROU001', 100, 'prc001', 'ROUTING_DETA_LEAD_TM_1'),
('roudt002', 'ROU002', 200, 'prc002', 'ROUTING_DETA_LEAD_TM_2'),
('roudt003', 'ROU003', 300, 'prc003', 'ROUTING_DETA_LEAD_TM_3'),
('roudt004', 'ROU004', 400, 'prc004', 'ROUTING_DETA_LEAD_TM_4'),
('roudt005', 'ROU005', 500, 'prc005', 'ROUTING_DETA_LEAD_TM_5');

INSERT INTO SEMI_PRDT_QLTY_INSP (SEMI_PRDT_QLTY_INSP_ID, PRCS_CTRL_ID, EMP_ID, INFER_QY, PASS_QY, INSP_QY, INSP_DT, RM) VALUES
('SEM001', 'SEM001', 'SEM001', 100, 100, 100, '2025-09-01', '비고1'),
('SEM002', 'SEM002', 'SEM002', 200, 200, 200, '2025-09-02', '비고2'),
('SEM003', 'SEM003', 'SEM003', 300, 300, 300, '2025-09-03', '비고3'),
('SEM004', 'SEM004', 'SEM004', 400, 400, 400, '2025-09-04', '비고4'),
('SEM005', 'SEM005', 'SEM005', 500, 500, 500, '2025-09-05', '비고5');

INSERT INTO prcs (prcs_id, eqm_grp_id, prcs_nm, mold_use_at, st, rm) VALUES
('PRC001', 'eqm001', 'PRCS_PRCS_NM_1', 'PRCS_MOLD_USE_AT_1', '사용', '비고1'),
('PRC002', 'eqm002', 'PRCS_PRCS_NM_2', 'PRCS_MOLD_USE_AT_2', '사용', '비고2'),
('PRC003', 'eqm003', 'PRCS_PRCS_NM_3', 'PRCS_MOLD_USE_AT_3', '사용', '비고3'),
('PRC004', 'eqm004', 'PRCS_PRCS_NM_4', 'PRCS_MOLD_USE_AT_4', '사용', '비고4'),
('PRC005', 'eqm005', 'PRCS_PRCS_NM_5', 'PRCS_MOLD_USE_AT_5', '사용', '비고5');

INSERT INTO RSC_ORDR_DETA (RSC_ORDR_DETA_ID, RSC_ORDR_ID, RSC_ID, QY, RM) VALUES
('RSC001', 'RSC001', 'RSC001', 1.12345, '비고1'),
('RSC002', 'RSC002', 'RSC002', 2.12345, '비고2'),
('RSC003', 'RSC003', 'RSC003', 3.12345, '비고3'),
('RSC004', 'RSC004', 'RSC004', 4.12345, '비고4'),
('RSC005', 'RSC005', 'RSC005', 5.12345, '비고5');
