/* ===== MA_CODE: 주코드(설계서 그대로) ===== */
INSERT INTO MA_CODE (MA_CODE_ID, MA_CODE_NM) VALUES
('0A','부서 구분 코드'),
('0B','메뉴 구분 코드'),
('0C','직급 구분 코드'),
('0D','권한 구분 코드'),
('0E','품목 구분 코드'),
('0G','업체 구분 코드'),
('OH','자재 유형 구분 코드'),
('OJ','진행 상태 코드'),
('OK','여부 코드'),
('OL','재직 구분 코드'),
('OM','활성화 구분 코드'),
('ON','합불 구분 코드'),
('OP','사용 구분 코드'),
('OQ','가동 구분 코드'),
('OR','금형 유형 구분 코드'),
('OS','수불 구분 코드');

/* ===== SUB_CODE: 부코드(설계서 목록을 그대로) ===== */
/* 0A 부서 */
INSERT INTO SUB_CODE (SUB_CODE_ID, MA_CODE_ID, SUB_CODE_NM) VALUES
('A1','0A','영업'), ('A2','0A','생산'), ('A3','0A','자재'), ('A4','0A','품질'), ('A5','0A','창고');

/* 0B 메뉴 */
INSERT INTO SUB_CODE (SUB_CODE_ID, MA_CODE_ID, SUB_CODE_NM) VALUES
('B1','0B','설비 관리'), ('B2','0B','금형 관리'),
('B3','0B','수주 등록'), ('B4','0B','수주 조회');

/* 0C 직급 */
INSERT INTO SUB_CODE (SUB_CODE_ID, MA_CODE_ID, SUB_CODE_NM) VALUES
('C1','0C','사원'), ('C2','0C','대리'), ('C3','0C','과장'),
('C4','0C','차장'), ('C5','0C','부장'), ('C6','0C','임원');

/* 0D 권한 */
INSERT INTO SUB_CODE (SUB_CODE_ID, MA_CODE_ID, SUB_CODE_NM) VALUES
('D1','0D','마스터'), ('D2','0D','관리자'), ('D3','0D','현장');

/* 0E 품목 구분 */
INSERT INTO SUB_CODE (SUB_CODE_ID, MA_CODE_ID, SUB_CODE_NM) VALUES
('E1','0E','자재'), ('E2','0E','반제품'), ('E3','0E','완제품');

/* 0G 업체 구분 */
INSERT INTO SUB_CODE (SUB_CODE_ID, MA_CODE_ID, SUB_CODE_NM) VALUES
('G1','0G','납품 업체'), ('G2','0G','공급 업체');

/* OH 자재 유형 */
INSERT INTO SUB_CODE (SUB_CODE_ID, MA_CODE_ID, SUB_CODE_NM) VALUES
('H1','OH','원자재'), ('H2','OH','부자재'), ('H3','OH','외장재');

/* OJ 진행 상태 */
INSERT INTO SUB_CODE (SUB_CODE_ID, MA_CODE_ID, SUB_CODE_NM) VALUES
('J1','OJ','진행 전'), ('J2','OJ','진행 중'), ('J3','OJ','진행 완료');

/* OK 여부 */
INSERT INTO SUB_CODE (SUB_CODE_ID, MA_CODE_ID, SUB_CODE_NM) VALUES
('K1','OK','여'), ('K2','OK','부');

/* OL 재직 구분 */
INSERT INTO SUB_CODE (SUB_CODE_ID, MA_CODE_ID, SUB_CODE_NM) VALUES
('L1','OL','재직'), ('L2','OL','휴직'), ('L3','OL','퇴사');

/* OM 활성화 */
INSERT INTO SUB_CODE (SUB_CODE_ID, MA_CODE_ID, SUB_CODE_NM) VALUES
('M1','OM','활성화'), ('M2','OM','비활성화');

/* ON 합불 */
INSERT INTO SUB_CODE (SUB_CODE_ID, MA_CODE_ID, SUB_CODE_NM) VALUES
('N1','ON','합격'), ('N2','ON','불합격');

/* OP 사용 구분 */
INSERT INTO SUB_CODE (SUB_CODE_ID, MA_CODE_ID, SUB_CODE_NM) VALUES
('P1','OP','사용'), ('P2','OP','미사용');

/* OQ 가동 */
INSERT INTO SUB_CODE (SUB_CODE_ID, MA_CODE_ID, SUB_CODE_NM) VALUES
('Q1','OQ','가동'), ('Q2','OQ','비가동');

/* OR 금형 유형 */
INSERT INTO SUB_CODE (SUB_CODE_ID, MA_CODE_ID, SUB_CODE_NM) VALUES
('R1','OR','프레스'), ('R2','OR','사출');

/* OS 수불 구분 */
INSERT INTO SUB_CODE (SUB_CODE_ID, MA_CODE_ID, SUB_CODE_NM) VALUES
('S1','OS','입고'), ('S2','OS','출고');


-- 업체 5
INSERT INTO co (co_id, co_nm, co_ty_id, rpstr_nm, rpstr_tel, bizr_reg_no, st, rm) VALUES
('CO001','예담주식회사','G1','김예담','02-1111-0001','810-40-04501','M1','주거래'),
('CO002','굿서플라이','G2','박공급','02-1111-0002','120-86-10002','M1','부자재'),
('CO003','탑메이커스','G1','최메이커','02-1111-0003','120-86-10003','M1','완제품 납품'),
('CO004','원자재월드','G2','정원재','02-1111-0004','120-86-10004','M1','원자재'),
('CO005','패키지팩','G2','오패키지','02-1111-0005','120-86-10005','M1','포장재');

-- 사원 5
INSERT INTO emp (emp_id, co_id, dept_id, perm_id, wkgd_id, emp_nm, emp_tel, emp_email, hire_dt, hoof_st, rm) VALUES
('EMP001','CO001','A2','D2','C3','홍길동','010-1000-0001','hong@co1.com','2025-01-10','L1','생산 과장'),
('EMP002','CO001','A3','D3','C1','이자재','010-1000-0002','lee@co1.com','2025-02-01','L1','자재 담당'),
('EMP003','CO001','A5','D2','C2','박창고','010-1000-0003','park@co1.com','2025-03-03','L1','창고 대리'),
('EMP004','CO001','A1','D2','C3','김영업','010-1000-0004','kim@co1.com','2025-03-15','L1','영업 과장'),
('EMP005','CO002','A4','D3','C1','최품질','010-1000-0005','choi@co2.com','2025-04-01','L1','품질 사원');

-- 계정 5
INSERT INTO acct (acct_id, emp_id, id, pw, rm) VALUES
('ACCT001','EMP001','user_hong','P@ss1!',''),
('ACCT002','EMP002','user_lee','P@ss2!',''),
('ACCT003','EMP003','user_park','P@ss3!',''),
('ACCT004','EMP004','user_kim','P@ss4!',''),
('ACCT005','EMP005','user_choi','P@ss5!','');

-- 설비그룹 5
INSERT INTO EQM_GRP (EQM_GRP_ID, EQM_GRP_NM, RM) VALUES
('EG001','프레스',NULL),
('EG002','사출',NULL),
('EG003','도장',NULL),
('EG004','조립',NULL),
('EG005','검사',NULL);

-- 설비 5 (ST=Q1 가동)
INSERT INTO EQM (EQM_ID, EQM_GRP_ID, EQM_NM, MAKE_CO, MAKE_MODEL, MAKE_DT, CHCK_CYCLE, SETP_DT, REG_DT, ST, RM) VALUES
('EQM001','EG001','프레스기_1','프레스월드','PW-100','2020-01-01','7일','2025-09-09','2025-09-30','Q1',NULL),
('EQM002','EG001','프레스기_2','프레스월드','PW-200','2021-03-01','7일','2025-09-10','2025-09-30','Q1',NULL),
('EQM003','EG002','사출기_1','사출코','IN-50','2022-06-01','7일','2025-09-11','2025-09-30','Q1',NULL),
('EQM004','EG004','조립라인_1','라인메이커','AL-1','2019-08-01','30일','2025-09-12','2025-09-30','Q1',NULL),
('EQM005','EG005','비전검사_1','비전텍','VT-1','2023-01-01','30일','2025-09-13','2025-09-30','Q1',NULL);

-- 공정 5 (MOLD_USE_AT=P1 사용, ST=M1 활성)
INSERT INTO PRCS (PRCS_ID, EQM_GRP_ID, PRCS_NM, MOLD_USE_AT, ST, RM) VALUES
('PRC001','EG001','프레스 성형','P1','M1',NULL),
('PRC002','EG002','사출 성형','P1','M1',NULL),
('PRC003','EG003','도장','P2','M1',NULL),
('PRC004','EG004','조립','P2','M1',NULL),
('PRC005','EG005','외관 검사','P2','M1',NULL);

-- 창고 5
INSERT INTO WRHOUS (WRHOUS_ID, WRHOUS_NM, ST, RM) VALUES
('W001','자재 창고','M1',NULL),
('W002','완제품 창고','M1',NULL),
('W003','반제품 창고','M1',NULL),
('W004','부자재 창고','M1',NULL),
('W005','불량격리 창고','M1','격리');

-- 로케이션 5
INSERT INTO WRHOUS_ZONE (ZONE_ID, WRHOUS_ID, ITEM_TY, ZONE_NM, ST, RM) VALUES
('Z001','W001','E1','자재-1','M1',NULL),
('Z002','W002','E3','완제품-1','M1',NULL),
('Z003','W003','E2','반제품-1','M1',NULL),
('Z004','W004','E1','부자재-1','M1',NULL),
('Z005','W005','E3','격리-1','M1','불량 전용');

-- 메뉴 5
INSERT INTO MENU (MENU_ID, MUNU_NM, MENU_ORD, RM) VALUES
('MN001','설비 관리',1,NULL),
('MN002','수주 등록',2,NULL),
('MN003','생산 계획',3,NULL),
('MN004','생산 지시',4,NULL),
('MN005','수불 관리',5,NULL);

-- 메뉴 권한 5
INSERT INTO MENU_PERM (MENU_PERM_ID, MENU_ID, DEPT_ID, WKGD_ID, ACCES_YN, RM) VALUES
('MP001','MN001','A2','C3','K1',NULL),
('MP002','MN002','A1','C2','K1',NULL),
('MP003','MN003','A2','C3','K1',NULL),
('MP004','MN004','A2','C3','K1',NULL),
('MP005','MN005','A5','C2','K1',NULL);

-- 제품 5 (unit F1=EA, F2=kg)
INSERT INTO prdt (prdt_id, prdt_nm, spec, unit, prdt_st, rm) VALUES
('PDT001','메인제품A','20g','F1','P1',NULL),
('PDT002','메인제품B','30g','F1','P1',NULL),
('PDT003','세트제품C','1kg','F2','P1',NULL),
('PDT004','부품D','EA','F1','P1',NULL),
('PDT005','패키지E','EA','F1','P1',NULL);

-- 제품옵션 5 (복합PK 주의)
INSERT INTO prdt_opt (prdt_opt_id, prdt_id, opt_nm, st, rm) VALUES
('OPT001','PDT001','레드','M1',NULL),
('OPT002','PDT001','블루','M1',NULL),
('OPT003','PDT002','스몰','M1',NULL),
('OPT004','PDT003','기본','M1',NULL),
('OPT005','PDT004','표준','M1',NULL);

-- 자재 5 (RSC_CLSF_ID=H1~H3, UNIT=F1/F2/F3)
INSERT INTO RSC (RSC_ID, RSC_CLSF_ID, RSC_NM, SPEC, UNIT, RM) VALUES
('RSC001','H1','텅스텐파우더','D50 10μm','F2','원자재'),
('RSC002','H2','포장박스','30x30','F1','포장'),
('RSC003','H2','완충재','폴리폼','F1','포장'),
('RSC004','H3','라벨지','방수','F1','외장'),
('RSC005','H1','수지펠렛','POM','F2','사출원료');

-- 금형 5 (MOLD_TY=R1/사출 R2, ST=M1)
INSERT INTO MOLD (MOLD_ID, PRDT_ID, MOLD_NM, MOLD_TY, KPA, ACCMLT_SHOT, WARN_QY, DSUSE_QY, CHCK_CYCLE, CHCK_DT, ST, RM) VALUES
('MOLD001','PDT001','금형A_1','R1',10000,2000,8000,10000,'7일','2025-08-31','M1',NULL),
('MOLD002','PDT001','금형A_2','R1',12000,3000,9000,12000,'7일','2025-09-01','M1',NULL),
('MOLD003','PDT002','금형B_1','R1',8000,1000,6000,8000,'7일','2025-09-02','M1',NULL),
('MOLD004','PDT003','금형C_1','R2',15000,500,12000,15000,'7일','2025-09-03','M1',NULL),
('MOLD005','PDT004','금형D_1','R1',5000,200,4000,5000,'7일','2025-09-04','M1',NULL);

-- BOM 5 (ST=사용 P1)
INSERT INTO BOM (BOM_ID, PRDT_ID, BOM_VER, VALID_FR_DT, VALID_TO_DT, ST, RM) VALUES
('BOM001','PDT001','v1','2025-09-01',NULL,'P1',NULL),
('BOM002','PDT002','v1','2025-09-01',NULL,'P1',NULL),
('BOM003','PDT003','v1','2025-09-01',NULL,'P1',NULL),
('BOM004','PDT004','v1','2025-09-01',NULL,'P1',NULL),
('BOM005','PDT005','v1','2025-09-01',NULL,'P1',NULL);

-- BOM_DETA 5 (REC_QY DECIMAL)
INSERT INTO BOM_DETA (BOM_COMP_ID, BOM_ID, RSC_ID, SPEC_ID, UNIT_ID, REC_QY, RM) VALUES
('BDC001','BOM001','RSC001',NULL,'F2',0.050,NULL),
('BDC002','BOM001','RSC004',NULL,'F1',1.000,NULL),
('BDC003','BOM002','RSC005',NULL,'F2',0.200,NULL),
('BDC004','BOM003','RSC005',NULL,'F2',0.500,NULL),
('BDC005','BOM004','RSC002',NULL,'F1',1.000,NULL);

-- 수주 5 (st=J1~J3)
INSERT INTO rcvord (rcvord_id, co_id, emp_id, reg_dt, st, rm) VALUES
('RO001','CO001','EMP004','2025-09-20','J1','신규'),
('RO002','CO001','EMP004','2025-09-21','J1','신규'),
('RO003','CO003','EMP004','2025-09-22','J2','진행'),
('RO004','CO001','EMP004','2025-09-23','J2','진행'),
('RO005','CO003','EMP004','2025-09-24','J3','완료');

-- 수주 상세 5 (복합 FK 주의)
INSERT INTO rcvord_deta (rcvord_deta_id, rcvord_id, prdt_id, prdt_opt_id, rcvord_qy, paprd_dt, rm) VALUES
('ROD001','RO001','PDT001','OPT001',500,'2025-11-30',NULL),
('ROD002','RO002','PDT001','OPT002',300,'2025-12-05',NULL),
('ROD003','RO003','PDT002','OPT003',200,'2025-11-20',NULL),
('ROD004','RO004','PDT003','OPT004',150,'2025-12-01',NULL),
('ROD005','RO005','PDT004','OPT005',100,'2025-10-31',NULL);

-- 납품 문서 5
INSERT INTO PRDT_DELI_DOC (PRDT_DELI_DOC_ID, EMP_ID, DELI_REG_DT, RM) VALUES
('DD001','EMP001','2025-10-01',NULL),
('DD002','EMP001','2025-10-02',NULL),
('DD003','EMP001','2025-10-03',NULL),
('DD004','EMP001','2025-10-04',NULL),
('DD005','EMP001','2025-10-05',NULL);

-- 납품 상세 5
INSERT INTO DELI_REG_DETA (DELI_DOC_REG_DETA_ID, PRDT_DELI_DOC_ID, RCVORD_DETA_ID, DELI_QY, RM) VALUES
('DDD001','DD001','ROD001',200,NULL),
('DDD002','DD002','ROD002',100,NULL),
('DDD003','DD003','ROD003',50,NULL),
('DDD004','DD004','ROD004',60,NULL),
('DDD005','DD005','ROD005',40,NULL);

-- 수불(입출고) 5 (RCVPAY_TY: S1 입고 / S2 출고) 수량 DECIMAL
INSERT INTO WRHOUS_WRHSDLVR
(WRHOUS_WRHSDLVR_ID,RSC_RTUN_TRGET_ID,RSC_QLTY_INSP_ID,SEMI_PRDT_QLTY_INSP_ID,END_PRDT_QLTY_INSP_ID,DELI_DOC_REG_DETA_ID,
 RSC_ID,PRDT_ID,PRDT_OPT_ID,WRHOUS_ID,ZONE_ID,EMP_ID,LOT_NO,RCVPAY_TY,SPEC,UNIT,RCVPAY_QY,RCVPAY_DT,RM)
VALUES
('WW001',NULL,NULL,NULL,NULL,'DDD001',NULL,'PDT001','OPT001','W002','Z002','EMP003','LOT-001','S1',NULL,'F1',200.000,'2025-10-01',NULL),
('WW002',NULL,NULL,NULL,NULL,'DDD002',NULL,'PDT001','OPT002','W002','Z002','EMP003','LOT-002','S1',NULL,'F1',100.000,'2025-10-02',NULL),
('WW003',NULL,NULL,NULL,NULL,'DDD003',NULL,'PDT002','OPT003','W002','Z002','EMP003','LOT-003','S1',NULL,'F1',50.000,'2025-10-03',NULL),
('WW004',NULL,NULL,NULL,NULL,'DDD004',NULL,'PDT003','OPT004','W003','Z003','EMP003','LOT-004','S1',NULL,'F1',60.000,'2025-10-04',NULL),
('WW005',NULL,NULL,NULL,NULL,'DDD005',NULL,'PDT004','OPT005','W002','Z002','EMP003','LOT-005','S2',NULL,'F1',40.000,'2025-10-05','출고');

-- LOT 재고 집계 5 (DECIMAL)
INSERT INTO LOT_STC_PRECON (LOT_INVNTRY_PRECON_ID, WRHOUS_WRHSDLVR_ID, IST_QY, OUST_QY, NOW_STC_QY, RM) VALUES
('LSP001','WW001',200.000,0.000,200.000,NULL),
('LSP002','WW002',100.000,0.000,100.000,NULL),
('LSP003','WW003',50.000,0.000,50.000,NULL),
('LSP004','WW004',60.000,0.000,60.000,NULL),
('LSP005','WW005',0.000,40.000,0.000,'출고반영');

-- 생산계획 5
INSERT INTO PROD_PLAN (PROD_PLAN_ID, rcvord_id, EMP_ID, PROD_PLAN_NM, PROD_EXPC_FR_DT, PROD_EXPC_TO_DT, REG_DT, RM) VALUES
('PP001','RO001','EMP001','PDT001 11월 계획','2025-11-01','2025-11-10','2025-09-25',NULL),
('PP002','RO002','EMP001','PDT001B 12월 계획','2025-12-01','2025-12-15','2025-09-26',NULL),
('PP003','RO003','EMP001','PDT002 11월 계획','2025-11-05','2025-11-20','2025-09-27',NULL),
('PP004','RO004','EMP001','PDT003 12월 계획','2025-12-01','2025-12-10','2025-09-28',NULL),
('PP005','RO005','EMP001','PDT004 10월 계획','2025-10-05','2025-10-15','2025-09-29',NULL);

-- 생산계획 상세 5
INSERT INTO PROD_PLAN_DETA (PROD_PLAN_DETA_ID, PROD_PLAN_ID, PRDT_ID, PRDT_OPT_ID, PLAN_QY, PRIORT, RM) VALUES
('PPD001','PP001','PDT001','OPT001',300,1,NULL),
('PPD002','PP002','PDT001','OPT002',200,1,NULL),
('PPD003','PP003','PDT002','OPT003',150,1,NULL),
('PPD004','PP004','PDT003','OPT004',120,1,NULL),
('PPD005','PP005','PDT004','OPT005',80, 1,NULL);

-- 생산지시 5
INSERT INTO PROD_DRCT (PROD_DRCT_ID, PROD_DRCT_NM, EMP_ID, PROD_DRCT_FR_DT, PROD_DRCT_TO_DT, REG_DT, RM) VALUES
('PD001','PDT001-레드-지시','EMP001','2025-10-10',NULL,'2025-10-09',NULL),
('PD002','PDT001-블루-지시','EMP001','2025-10-11',NULL,'2025-10-09',NULL),
('PD003','PDT002-스몰-지시','EMP001','2025-10-12',NULL,'2025-10-10',NULL),
('PD004','PDT003-기본-지시','EMP001','2025-10-13',NULL,'2025-10-10',NULL),
('PD005','PDT004-표준-지시','EMP001','2025-10-14',NULL,'2025-10-11',NULL);

-- 생산지시 상세 5
INSERT INTO PROD_DRCT_DETA (PROD_DRCT_DETA_ID, PROD_DRCT_ID, PROD_PLAN_DETA_ID, PRDT_ID, PRDT_OPT_ID, DRCT_QY, PRIORT, RM) VALUES
('PDD001','PD001','PPD001','PDT001','OPT001',300,1,NULL),
('PDD002','PD002','PPD002','PDT001','OPT002',200,1,NULL),
('PDD003','PD003','PPD003','PDT002','OPT003',150,1,NULL),
('PDD004','PD004','PPD004','PDT003','OPT004',120,1,NULL),
('PDD005','PD005','PPD005','PDT004','OPT005',80 ,1,NULL);

-- 라우팅(제품/옵션별) 5
INSERT INTO ROUTING (PRCS_ROUTING_ID, PRDT_ID, OPT_ID) VALUES
('RT001','PDT001','OPT001'),
('RT002','PDT001','OPT002'),
('RT003','PDT002','OPT003'),
('RT004','PDT003','OPT004'),
('RT005','PDT004','OPT005');

-- 라우팅 상세 5 (공정순서 예시)
INSERT INTO ROUTING_DETA (PRCS_ROUTING_DETA, PRCS_ROUTING_ID, PRCS_ORD, PRCS_ID, LEAD_TM) VALUES
('RTD001','RT001',1,'PRC001','18h'),
('RTD002','RT002',1,'PRC001','18h'),
('RTD003','RT003',1,'PRC001','18h'),
('RTD004','RT004',1,'PRC002','20h'),
('RTD005','RT005',1,'PRC004','12h');

-- 공정 진행(사전) 5 (ST=J1~J3)
INSERT INTO PRCS_PROG_PRECON (PRCS_PROG_PRECON_ID, PROD_DRCT_DETA_ID, PRCS_ORD, PRCS_ID, PRCS_NM, DRCT_QY, INPT_QY, PROD_QY, INFER_QY, PASS_QY, ST, RM) VALUES
('PPP001','PDD001',1,'PRC001','프레스 성형',300,0,0,0,0,'J1',NULL),
('PPP002','PDD002',1,'PRC001','프레스 성형',200,0,0,0,0,'J1',NULL),
('PPP003','PDD003',1,'PRC001','프레스 성형',150,0,0,0,0,'J1',NULL),
('PPP004','PDD004',1,'PRC002','사출 성형',120,0,0,0,0,'J1',NULL),
('PPP005','PDD005',1,'PRC004','조립',80, 0,0,0,0,'J1',NULL);

-- 공정 제어 5
INSERT INTO PROC_CTRL
(PRCS_CTRL_ID, PRCS_PROG_PRECON_ID, PRDT_ID, PRCS_ROUTING_ID, PRCS_ORD, PRCS_ID, MOLD_ID, EMP_ID, INPT_QY, PROD_QY, INFER_QY, PASS_QY, WK_FR_DT, WK_TO_DT, RM)
VALUES
('PC001','PPP001','PDT001','RT001','1','PRC001','MOLD001','EMP001',0,0,0,0,'2025-10-10',NULL,NULL),
('PC002','PPP002','PDT001','RT002','1','PRC001','MOLD002','EMP001',0,0,0,0,'2025-10-11',NULL,NULL),
('PC003','PPP003','PDT002','RT003','1','PRC001','MOLD003','EMP001',0,0,0,0,'2025-10-12',NULL,NULL),
('PC004','PPP004','PDT003','RT004','1','PRC002','MOLD004','EMP001',0,0,0,0,'2025-10-13',NULL,NULL),
('PC005','PPP005','PDT004','RT005','1','PRC004','MOLD005','EMP001',0,0,0,0,'2025-10-14',NULL,NULL);

-- 품질 항목 5 (ST=사용 P1, UNIT=F1)
INSERT INTO QLTY_ITEM (QLTY_ITEM_MNG_ID, INSP_ITEM_NM, TY, VER, ST, BASI_VAL, SPEC, UNIT, EROR_SCOPE_MIN, EROR_SCOPE_MAX, REG_DT, RM) VALUES
('QI001','외관 검사','정성','v1','P1',NULL,'-','F1',NULL,NULL,'2025-09-09',NULL),
('QI002','치수 검사','정량','v1','P1','10cm','±0.2cm','F1','-0.2','0.2','2025-09-09',NULL),
('QI003','중량 검사','정량','v1','P1','20g','±0.5g','F1','-0.5','0.5','2025-09-09',NULL),
('QI004','포장 상태','정성','v1','P1',NULL,'-','F1',NULL,NULL,'2025-09-09',NULL),
('QI005','라벨 부착','정성','v1','P1',NULL,'-','F1',NULL,NULL,'2025-09-09',NULL);

-- 품질 항목 매핑 5 (제품/자재 혼합 예시)
INSERT INTO QLTY_ITEM_DETA (ITEM_QLTY_DETA_ID, QLTY_ITEM_MNG_ID, ITEM_TY, RSC_ID, PRDT_ID, PRDT_OPT_ID, RM) VALUES
('QID001','QI001','E3',NULL,'PDT001','OPT001',NULL),
('QID002','QI002','E3',NULL,'PDT001','OPT001',NULL),
('QID003','QI003','E3',NULL,'PDT002','OPT003',NULL),
('QID004','QI004','E1','RSC002',NULL,NULL,NULL),
('QID005','QI005','E3',NULL,'PDT004','OPT005',NULL);

-- 중간/완제품 품질검사 5
INSERT INTO SEMI_PRDT_QLTY_INSP (SEMI_PRDT_QLTY_INSP_ID, PRCS_CTRL_ID, EMP_ID, INFER_QY, PASS_QY, INSP_QY, INSP_DT, RM) VALUES
('SQI001','PC001','EMP005',2,98,100,'2025-10-10',NULL),
('SQI002','PC002','EMP005',1,99,100,'2025-10-11',NULL),
('SQI003','PC003','EMP005',0,50,50 ,'2025-10-12',NULL),
('SQI004','PC004','EMP005',3,57,60 ,'2025-10-13',NULL),
('SQI005','PC005','EMP005',0,40,40 ,'2025-10-14',NULL);

INSERT INTO END_PRDT_QLTY_INSP (END_PRDT_QLTY_INSP_ID, PRCS_CTRL_ID, EMP_ID, INFER_QY, PASS_QY, INSP_QY, INSP_DT, RM) VALUES
('EQI001','PC001','EMP005',2,98,100,'2025-10-10',NULL),
('EQI002','PC002','EMP005',1,99,100,'2025-10-11',NULL),
('EQI003','PC003','EMP005',0,50,50 ,'2025-10-12',NULL),
('EQI004','PC004','EMP005',3,57,60 ,'2025-10-13',NULL),
('EQI005','PC005','EMP005',0,40,40 ,'2025-10-14',NULL);

-- 자재 발주 5
INSERT INTO RSC_ORDR (RSC_ORDR_ID, CO_ID, EMP_ID, REG_DT, RM) VALUES
('ROr001','CO004','EMP002','2025-09-25',NULL),
('ROr002','CO004','EMP002','2025-09-26',NULL),
('ROr003','CO005','EMP002','2025-09-27',NULL),
('ROr004','CO005','EMP002','2025-09-28',NULL),
('ROr005','CO004','EMP002','2025-09-29',NULL);

-- 자재 발주 상세 5 (QY DECIMAL, DELI_EXPC_DT 추가)
INSERT INTO RSC_ORDR_DETA (RSC_ORDR_DETA_ID, RSC_ORDR_ID, RSC_ID, QY, DELI_EXPC_DT, RM) VALUES
('ROd001','ROr001','RSC001',100.000,'2025-11-15',NULL),
('ROd002','ROr001','RSC004',500.000,'2025-11-20',NULL),
('ROd003','ROr002','RSC005',200.000,'2025-11-25',NULL),
('ROd004','ROr003','RSC002',300.000,'2025-12-01',NULL),
('ROd005','ROr004','RSC003',400.000,'2025-12-05',NULL);

-- 자재 품질검사 5 (DECIMAL)
INSERT INTO RSC_QLTY_INSP (RSC_QLTY_INSP_ID, RSC_ORDR_DETA_ID, EMP_ID, RTNGUD_QY, PASS_QY, INSP_QY, INSP_DT, RM) VALUES
('RQI001','ROd001','EMP005',100.000,100.000,100.000,'2025-09-26',NULL),
('RQI002','ROd002','EMP005',500.000,500.000,500.000,'2025-09-26',NULL),
('RQI003','ROd003','EMP005',200.000,200.000,200.000,'2025-09-27',NULL),
('RQI004','ROd004','EMP005',300.000,300.000,300.000,'2025-09-28',NULL),
('RQI005','ROd005','EMP005',400.000,400.000,400.000,'2025-09-29',NULL);

INSERT INTO RWMATR_RTUN_TRGET (RSC_RTUN_TRGET_ID, PROD_DRCT_ITEM_ID, PRDT_ID, PRDT_OPT_ID, PROD_EXPC_QY, PROD_EXPC_DT, RM) VALUES
('RTG001','PDD001','PDT001','OPT001',300,'2025-11-05',NULL),
('RTG002','PDD002','PDT001','OPT002',200,'2025-12-10',NULL),
('RTG003','PDD003','PDT002','OPT003',150,'2025-11-15',NULL),
('RTG004','PDD004','PDT003','OPT004',120,'2025-12-05',NULL),
('RTG005','PDD005','PDT004','OPT005',80 ,'2025-10-10',NULL);
